 Full Name,Middle Name,First Name,Last Name,Email,Business Phone,Gender,Address 1: Street 1,Address 1: Street 2,Address 1: Street 3,Address 1: City,Address 1: County,Address 1: ZIP/Postal Code,Address 1: Country/Region
Abbie Moss,,Abbie,Moss,abbie_moss@collinsreedandhoward.com,,Female,129 Miller Plaza,Fairfield,California,,,10753,USA
Acthony Koteles,,Acthony,Koteles,anthony_koteles@crawfordsimmonsandgreene.com,,,3958 Perez Centers,Suite 216,,Inglewood,,28679,USA
Arlene Cox,,Arlene,Cox,,,,,,,,,,
Eva Newmann,,Eva,Newmann,,,,,,,,,,
James Eiler,,James,Eiler,james_eiler@wilsonjohnsonandchan.com,,,,,,,,,
Jonathan Marsh,,Jonathan,Marsh,,,,,,,,,,
Kenneth Beraun,,Kenneth,Beraun,kenneth_beraun@kimboyle.com,,,,,,,,,
Michael Glenna,,Michael,Glenna,michael_glenna@carterplc.com,,,,,,,,,
Michael Lauser,,Michael,Lauser,michael_lauser@smithinc.com,,,,,,,,,
Michael Manni,,Michael,Manni,michael_manni@bautistacase.com,,,,,,,,,
Mike Armstrong,,Mike,Armstrong,,,,,,,,,,
Richard Nakada,,Richard,Nakada,richard_nakada@jonesholmesandmooney.com,,,,,,,,,
Robert Kaucher,,Robert,Kaucher,robert_kaucher@stevenshansen.com,,,,,,,,,
Steven Biondi,,Steven,Biondi,steven_biondi@salazarbarnesandwilliams.com,,,,,,,,,
Lisa Nutting,,Lisa,Nutting,lisa_nutting@martinezcarsonandreeves.com,,,,,,,,,
Linda Sneller,,Linda,Sneller,linda_sneller@turnerherrera.com,,,,,,,,,
Donna Connley,,Donna,Connley,donna_connley@perryscottandjohnson.com,,,,,,,,,
Ruth Wilshusen,,Ruth,Wilshusen,ruth_wilshusen@hernandezsmith.com,,,,,,,,,
Elizabeth Arpino,,Elizabeth,Arpino,elizabeth_arpino@carterllc.com,,,,,,,,,
